ONS_ITEM_NAME,MEAN_COUNT,MEAN_7DAY,Dif:TODAY-MEAN,Dif:TODAY-7DAYMEAN,2016_11_02,2016_11_01,2016_10_31,2016_10_30,2016_10_29,2016_10_28,2016_10_27,2016_10_26,2016_10_25,2016_10_24,2016_10_18,2016_10_17,2016_10_16,2016_10_15,2016_10_14,2016_10_13,2016_10_12,2016_10_11,2016_10_10,2016_10_09,2016_10_08,2016_10_07,2016_10_06,2016_10_05,2016_10_04,2016_10_03,2016_09_23,2016_09_22,2016_09_21,2016_09_20,2016_09_19,2016_09_18,2016_09_17,2016_09_16,2016_09_15,2016_09_14,2016_09_13,2016_09_11,2016_09_10,2016_09_09,2016_09_07,2016_09_06,2016_09_05,2016_09_04,2016_09_03,2016_09_02,2016_09_01,2016_08_31,2016_08_30,2016_08_29,2016_08_28,2016_08_27,2016_08_26,2016_08_25,2016_08_24,2016_08_23,2016_08_22,2016_08_21,2016_08_20,2016_08_19,2016_08_18,2016_08_17,2016_08_16,2016_08_15,2016_08_14,2016_08_13,2016_08_12,2016_08_11,2016_08_10,2016_08_09,2016_08_08,2016_08_07,2016_08_06,2016_08_05,2016_08_04,2016_08_03,2016_08_02,2016_08_01,2016_07_20,2016_07_19,2016_07_16,2016_07_15,2016_07_14,2016_07_13,2016_07_12,2016_07_11,2016_07_10,2016_07_09,2016_07_08,2016_07_07,2016_07_06,2016_07_05,2016_07_04,2016_07_03,2016_07_02,2016_07_01,2016_06_30,2016_06_29,2016_06_28,2016_06_27,2016_06_26,2016_06_25,2016_06_24,2016_06_23,2016_06_22,2016_06_21,2016_06_20,2016_06_19,2016_06_18,2016_06_17,2016_06_16,2016_06_15,2016_06_14,2016_06_13,2016_06_12,2016_06_11,2016_06_10,2016_06_09,2016_06_08,2016_06_07,2016_06_06,2016_06_05,2016_06_04,2016_06_03,2016_06_01,2016_05_31,2016_05_30,2016_05_29,2016_05_28,2016_05_27,2016_05_26,2016_05_25,2016_05_24,2016_05_23,2016_05_22,2016_05_21,2016_05_20,2016_05_19,2016_05_18,2015_11_04,2015_11_03,2014_11_26,2014_11_25,2014_07_23,2014_07_22,2014_07_21,2014_07_20,2014_07_19,2014_07_18,2014_07_17,2014_07_16,2014_07_15,2014_07_14,2014_07_13,2014_07_12,2014_07_11,2014_07_10,2014_07_09,2014_07_08,2014_07_07,2014_07_06,2014_07_05,2014_07_04,2014_07_03,2014_07_02,2014_07_01,2014_06_30,2014_06_29,2014_06_28,2014_06_27,2014_06_26,2014_06_25,2014_06_24,2014_06_23,2014_06_22,2014_06_21,2014_06_20,2014_06_19,2014_06_18,2014_06_17,2014_06_16,2014_06_15,2014_06_14,2014_06_13,2014_06_12,2014_06_11,2014_06_10,2014_06_09,2014_06_08,2014_06_07,2014_06_06,2014_06_05
"Apple Cider, bottle, 4.5%-5.5% ABV",119,123,21,17,140.0,104.0,134.0,140.0,104.0,140.0,103.0,139.0,138.0,102.0,104.0,140.0,140.0,134.0,133.0,103.0,136.0,103.0,126.0,104.0,103.0,140.0,104.0,104.0,140.0,104.0,101.0,101.0,138.0,139.0,140.0,138.0,103.0,139.0,112.0,119.0,118.0,84.0,112.0,84.0,85.0,108.0,84.0,111.0,101.0,81.0,115.0,94.0,126.0,127.0,126.0,136.0,101.0,136.0,136.0,138.0,137.0,100.0,136.0,101.0,101.0,136.0,118.0,136.0,101.0,102.0,140.0,141.0,133.0,141.0,141.0,141.0,141.0,140.0,106.0,106.0,105.0,136.0,140.0,103.0,140.0,139.0,137.0,101.0,101.0,101.0,101.0,101.0,133.0,102.0,104.0,103.0,103.0,139.0,103.0,104.0,140.0,134.0,141.0,102.0,139.0,105.0,103.0,103.0,138.0,130.0,140.0,101.0,103.0,102.0,104.0,139.0,139.0,139.0,101.0,104.0,105.0,129.0,141.0,135.0,105.0,135.0,103.0,140.0,104.0,101.0,103.0,140.0,104.0,141.0,129.0,106.0,136.0,141.0,105.0,141.0,130.0,135.0,129.0,99.0,99.0,125.0,124.0,124.0,120.0,116.0,104.0,123.0,124.0,118.0,123.0,123.0,120.0,120.0,123.0,124.0,127.0,127.0,126.0,126.0,127.0,126.0,127.0,126.0,125.0,122.0,123.0,121.0,118.0,118.0,118.0,119.0,121.0,119.0,114.0,114.0,114.0,112.0,112.0,112.0,112.0,112.0,112.0,112.0,112.0,111.0,110.0,110.0,121.0,121.0,120.0,121.0
"Apples, dessert, per kg",38,38,10,10,48.0,31.0,33.0,40.0,36.0,48.0,35.0,46.0,48.0,36.0,32.0,44.0,45.0,42.0,47.0,33.0,38.0,33.0,34.0,30.0,27.0,43.0,33.0,31.0,43.0,31.0,31.0,30.0,44.0,40.0,42.0,42.0,28.0,41.0,42.0,36.0,39.0,26.0,37.0,23.0,24.0,39.0,27.0,39.0,33.0,26.0,39.0,27.0,39.0,33.0,39.0,38.0,25.0,37.0,37.0,36.0,36.0,26.0,38.0,25.0,26.0,37.0,36.0,37.0,26.0,26.0,32.0,37.0,39.0,39.0,41.0,41.0,40.0,38.0,28.0,28.0,29.0,32.0,42.0,29.0,42.0,41.0,40.0,29.0,30.0,30.0,30.0,29.0,35.0,28.0,29.0,28.0,28.0,40.0,28.0,27.0,41.0,41.0,40.0,28.0,36.0,28.0,28.0,30.0,43.0,38.0,44.0,32.0,31.0,32.0,33.0,45.0,42.0,47.0,34.0,34.0,33.0,46.0,46.0,44.0,33.0,44.0,33.0,46.0,34.0,34.0,33.0,40.0,33.0,39.0,45.0,33.0,39.0,46.0,33.0,46.0,45.0,46.0,40.0,42.0,39.0,48.0,46.0,42.0,41.0,44.0,46.0,44.0,45.0,45.0,43.0,46.0,48.0,46.0,49.0,47.0,49.0,47.0,47.0,47.0,47.0,48.0,48.0,46.0,46.0,47.0,48.0,48.0,49.0,49.0,48.0,49.0,49.0,49.0,49.0,49.0,49.0,48.0,49.0,48.0,48.0,48.0,48.0,48.0,48.0,48.0,48.0,48.0,49.0,48.0,49.0,47.0
"Bananas, per kg",7,9,5,3,12.0,6.0,12.0,11.0,6.0,12.0,6.0,11.0,10.0,4.0,6.0,12.0,12.0,6.0,12.0,6.0,6.0,6.0,12.0,6.0,6.0,12.0,6.0,6.0,12.0,6.0,5.0,6.0,12.0,11.0,11.0,11.0,5.0,11.0,10.0,11.0,11.0,4.0,12.0,6.0,6.0,12.0,6.0,12.0,12.0,6.0,12.0,6.0,12.0,12.0,12.0,12.0,6.0,12.0,12.0,12.0,11.0,6.0,12.0,6.0,6.0,12.0,11.0,11.0,6.0,5.0,12.0,12.0,11.0,12.0,12.0,12.0,10.0,11.0,5.0,5.0,5.0,11.0,12.0,5.0,12.0,11.0,12.0,6.0,5.0,6.0,6.0,6.0,6.0,6.0,6.0,5.0,5.0,12.0,6.0,6.0,12.0,12.0,11.0,6.0,12.0,6.0,6.0,6.0,11.0,11.0,12.0,6.0,6.0,6.0,6.0,12.0,12.0,12.0,6.0,6.0,6.0,11.0,11.0,11.0,6.0,11.0,6.0,12.0,6.0,6.0,6.0,10.0,4.0,3.0,11.0,3.0,11.0,3.0,4.0,11.0,11.0,12.0,6.0,7.0,6.0,7.0,7.0,6.0,6.0,6.0,6.0,6.0,6.0,6.0,6.0,6.0,6.0,6.0,6.0,6.0,6.0,6.0,6.0,6.0,6.0,6.0,6.0,6.0,6.0,6.0,6.0,5.0,6.0,6.0,6.0,6.0,6.0,6.0,6.0,6.0,6.0,6.0,6.0,6.0,6.0,6.0,6.0,6.0,6.0,6.0,6.0,6.0,6.0,6.0,6.0,6.0
"Bitter, 4 cans, 3.4%-7.5% ABV",167,160,11,18,178.0,139.0,163.0,181.0,138.0,181.0,140.0,189.0,176.0,140.0,142.0,190.0,180.0,185.0,185.0,141.0,159.0,141.0,173.0,140.0,143.0,191.0,143.0,142.0,190.0,142.0,141.0,140.0,183.0,190.0,190.0,180.0,143.0,191.0,182.0,180.0,182.0,100.0,176.0,133.0,135.0,171.0,135.0,172.0,167.0,129.0,162.0,131.0,173.0,173.0,173.0,189.0,144.0,193.0,190.0,193.0,193.0,143.0,187.0,140.0,144.0,193.0,187.0,191.0,143.0,141.0,189.0,191.0,186.0,192.0,182.0,182.0,190.0,191.0,144.0,144.0,144.0,186.0,191.0,140.0,193.0,186.0,187.0,144.0,145.0,144.0,142.0,143.0,193.0,145.0,145.0,143.0,143.0,187.0,142.0,143.0,180.0,191.0,189.0,143.0,189.0,142.0,138.0,139.0,179.0,174.0,173.0,136.0,142.0,131.0,143.0,192.0,180.0,188.0,144.0,142.0,145.0,191.0,191.0,187.0,144.0,183.0,139.0,185.0,145.0,144.0,144.0,182.0,142.0,182.0,180.0,144.0,162.0,182.0,140.0,191.0,169.0,188.0,176.0,0.0,0.0,175.0,176.0,174.0,174.0,173.0,163.0,175.0,178.0,180.0,178.0,170.0,172.0,163.0,173.0,169.0,180.0,180.0,181.0,183.0,182.0,181.0,182.0,180.0,180.0,179.0,180.0,180.0,179.0,178.0,175.0,177.0,175.0,177.0,173.0,176.0,176.0,174.0,172.0,172.0,178.0,177.0,179.0,180.0,181.0,180.0,180.0,180.0,183.0,179.0,179.0,180.0
"Brandy, bottle",36,36,7,7,43.0,30.0,36.0,42.0,30.0,44.0,31.0,44.0,44.0,32.0,32.0,44.0,43.0,43.0,38.0,32.0,38.0,32.0,44.0,32.0,31.0,43.0,29.0,32.0,42.0,30.0,29.0,30.0,36.0,41.0,41.0,42.0,30.0,0.0,41.0,44.0,43.0,28.0,43.0,31.0,29.0,40.0,29.0,39.0,32.0,27.0,40.0,28.0,40.0,40.0,40.0,43.0,31.0,44.0,44.0,41.0,40.0,28.0,40.0,29.0,31.0,43.0,43.0,43.0,30.0,25.0,31.0,42.0,41.0,42.0,39.0,39.0,42.0,42.0,30.0,30.0,30.0,40.0,43.0,30.0,41.0,43.0,42.0,31.0,31.0,30.0,30.0,30.0,42.0,29.0,29.0,30.0,30.0,41.0,30.0,30.0,43.0,38.0,44.0,32.0,41.0,32.0,31.0,31.0,43.0,33.0,38.0,28.0,32.0,31.0,32.0,44.0,44.0,43.0,29.0,29.0,32.0,43.0,43.0,44.0,32.0,38.0,32.0,43.0,30.0,30.0,32.0,42.0,30.0,42.0,42.0,29.0,36.0,43.0,31.0,42.0,44.0,43.0,37.0,31.0,29.0,34.0,35.0,36.0,36.0,36.0,37.0,38.0,38.0,37.0,38.0,38.0,37.0,38.0,38.0,38.0,38.0,38.0,36.0,38.0,38.0,38.0,38.0,38.0,38.0,38.0,38.0,38.0,38.0,38.0,38.0,38.0,36.0,37.0,37.0,35.0,33.0,34.0,35.0,35.0,35.0,35.0,35.0,35.0,35.0,34.0,35.0,35.0,35.0,35.0,35.0,35.0
"Breakfast Cereal 1, sugar/chocolate coated",63,74,22,11,85.0,61.0,82.0,85.0,61.0,85.0,60.0,84.0,71.0,59.0,59.0,77.0,76.0,69.0,71.0,60.0,77.0,61.0,84.0,59.0,59.0,84.0,60.0,60.0,85.0,61.0,58.0,58.0,75.0,75.0,71.0,83.0,60.0,83.0,77.0,76.0,76.0,60.0,76.0,58.0,59.0,77.0,60.0,77.0,76.0,59.0,77.0,59.0,77.0,77.0,77.0,78.0,60.0,72.0,78.0,77.0,76.0,57.0,75.0,55.0,53.0,71.0,71.0,72.0,54.0,53.0,70.0,78.0,66.0,73.0,81.0,81.0,70.0,71.0,53.0,53.0,53.0,66.0,85.0,61.0,85.0,86.0,85.0,62.0,62.0,61.0,60.0,60.0,85.0,61.0,61.0,60.0,60.0,85.0,61.0,60.0,85.0,65.0,0.0,0.0,0.0,0.0,46.0,46.0,64.0,64.0,64.0,46.0,45.0,46.0,46.0,64.0,64.0,64.0,46.0,45.0,46.0,63.0,63.0,63.0,46.0,64.0,46.0,64.0,46.0,46.0,46.0,64.0,45.0,57.0,63.0,44.0,57.0,57.0,46.0,63.0,56.0,57.0,51.0,42.0,44.0,51.0,48.0,56.0,58.0,58.0,57.0,57.0,58.0,58.0,59.0,58.0,58.0,59.0,60.0,58.0,60.0,60.0,60.0,60.0,60.0,60.0,60.0,60.0,59.0,59.0,59.0,60.0,59.0,59.0,59.0,59.0,59.0,59.0,59.0,60.0,60.0,60.0,60.0,60.0,60.0,60.0,60.0,60.0,60.0,60.0,60.0,60.0,60.0,60.0,60.0,60.0
"Breakfast Cereal 2, NOT sugar/chocolate coated",67,89,31,9,98.0,76.0,100.0,100.0,76.0,99.0,75.0,98.0,100.0,76.0,74.0,98.0,99.0,99.0,93.0,75.0,91.0,74.0,95.0,76.0,76.0,99.0,75.0,74.0,98.0,74.0,74.0,74.0,93.0,98.0,96.0,96.0,70.0,95.0,95.0,95.0,97.0,76.0,100.0,76.0,75.0,99.0,74.0,97.0,86.0,74.0,99.0,75.0,99.0,99.0,99.0,99.0,75.0,101.0,101.0,101.0,100.0,77.0,101.0,74.0,73.0,98.0,98.0,97.0,74.0,74.0,97.0,97.0,85.0,98.0,93.0,99.0,99.0,100.0,76.0,76.0,76.0,90.0,102.0,79.0,102.0,103.0,102.0,79.0,79.0,78.0,77.0,77.0,95.0,78.0,77.0,79.0,79.0,103.0,79.0,79.0,103.0,103.0,0.0,0.0,0.0,0.0,36.0,36.0,48.0,48.0,48.0,36.0,35.0,35.0,35.0,47.0,47.0,48.0,37.0,36.0,36.0,48.0,47.0,49.0,37.0,49.0,37.0,49.0,37.0,37.0,37.0,42.0,36.0,41.0,47.0,35.0,35.0,41.0,37.0,49.0,49.0,49.0,49.0,36.0,36.0,44.0,44.0,47.0,46.0,48.0,48.0,48.0,48.0,48.0,47.0,48.0,46.0,46.0,48.0,48.0,48.0,48.0,48.0,48.0,48.0,48.0,48.0,47.0,47.0,47.0,47.0,48.0,48.0,48.0,48.0,48.0,48.0,48.0,48.0,48.0,48.0,48.0,48.0,48.0,48.0,48.0,48.0,48.0,48.0,48.0,48.0,48.0,48.0,48.0,48.0,48.0
"Cheese Cheddar, home produced, per kg",78,75,10,13,88.0,62.0,78.0,85.0,63.0,88.0,63.0,87.0,77.0,59.0,63.0,87.0,88.0,79.0,78.0,64.0,78.0,62.0,82.0,62.0,63.0,89.0,64.0,64.0,80.0,62.0,64.0,63.0,87.0,89.0,89.0,87.0,62.0,81.0,86.0,89.0,89.0,64.0,88.0,63.0,64.0,89.0,65.0,85.0,72.0,63.0,89.0,65.0,89.0,89.0,83.0,88.0,65.0,89.0,89.0,88.0,89.0,64.0,87.0,65.0,65.0,89.0,89.0,89.0,64.0,63.0,87.0,89.0,83.0,81.0,89.0,89.0,89.0,89.0,65.0,65.0,65.0,83.0,88.0,65.0,89.0,86.0,88.0,63.0,63.0,64.0,64.0,65.0,86.0,63.0,64.0,65.0,65.0,88.0,65.0,65.0,82.0,87.0,86.0,62.0,88.0,64.0,63.0,64.0,86.0,79.0,88.0,64.0,63.0,64.0,64.0,88.0,84.0,85.0,62.0,62.0,63.0,87.0,87.0,82.0,64.0,79.0,63.0,82.0,63.0,64.0,62.0,77.0,64.0,82.0,89.0,65.0,83.0,83.0,65.0,83.0,89.0,83.0,83.0,65.0,67.0,80.0,78.0,87.0,87.0,86.0,85.0,87.0,85.0,86.0,85.0,84.0,85.0,85.0,85.0,81.0,87.0,87.0,87.0,87.0,87.0,87.0,87.0,87.0,87.0,87.0,87.0,87.0,87.0,87.0,87.0,87.0,87.0,87.0,87.0,87.0,87.0,87.0,87.0,87.0,87.0,87.0,87.0,87.0,87.0,87.0,87.0,87.0,88.0,88.0,88.0,88.0
"Cola Flavoured Drink, bottle",80,80,8,8,88.0,69.0,81.0,93.0,69.0,92.0,69.0,92.0,90.0,66.0,68.0,92.0,92.0,93.0,75.0,69.0,86.0,68.0,81.0,69.0,69.0,93.0,69.0,69.0,93.0,69.0,68.0,69.0,93.0,92.0,92.0,92.0,68.0,91.0,93.0,93.0,92.0,68.0,92.0,66.0,68.0,87.0,68.0,93.0,80.0,69.0,92.0,68.0,92.0,92.0,86.0,93.0,69.0,93.0,93.0,93.0,91.0,68.0,93.0,69.0,69.0,89.0,83.0,92.0,68.0,68.0,92.0,92.0,89.0,92.0,93.0,93.0,93.0,93.0,69.0,69.0,69.0,87.0,92.0,69.0,93.0,93.0,93.0,68.0,69.0,68.0,68.0,66.0,93.0,68.0,69.0,69.0,69.0,92.0,67.0,66.0,92.0,86.0,92.0,68.0,93.0,69.0,69.0,69.0,93.0,92.0,93.0,69.0,69.0,69.0,69.0,91.0,92.0,91.0,68.0,68.0,69.0,92.0,85.0,86.0,67.0,93.0,69.0,86.0,68.0,69.0,69.0,86.0,69.0,87.0,86.0,69.0,80.0,92.0,69.0,93.0,93.0,93.0,87.0,66.0,67.0,80.0,79.0,81.0,77.0,74.0,73.0,76.0,80.0,84.0,83.0,77.0,79.0,77.0,82.0,81.0,80.0,80.0,80.0,80.0,83.0,83.0,83.0,83.0,83.0,83.0,83.0,83.0,84.0,82.0,82.0,82.0,81.0,81.0,81.0,81.0,82.0,80.0,82.0,81.0,81.0,80.0,79.0,78.0,78.0,78.0,77.0,77.0,75.0,77.0,77.0,77.0
"Dry Spaghetti or pasta, 500g",121,123,16,14,137.0,103.0,139.0,139.0,103.0,139.0,103.0,139.0,139.0,103.0,103.0,139.0,139.0,120.0,132.0,104.0,112.0,104.0,140.0,104.0,104.0,134.0,104.0,104.0,140.0,104.0,102.0,104.0,140.0,134.0,139.0,127.0,103.0,139.0,140.0,140.0,140.0,104.0,139.0,104.0,103.0,135.0,103.0,135.0,134.0,104.0,140.0,104.0,140.0,140.0,140.0,134.0,103.0,140.0,139.0,139.0,140.0,104.0,140.0,102.0,102.0,137.0,131.0,130.0,102.0,102.0,137.0,138.0,131.0,127.0,137.0,137.0,122.0,125.0,93.0,93.0,95.0,112.0,142.0,99.0,128.0,123.0,129.0,99.0,99.0,99.0,99.0,99.0,128.0,99.0,100.0,101.0,101.0,129.0,109.0,114.0,150.0,143.0,148.0,111.0,149.0,113.0,112.0,114.0,150.0,141.0,150.0,112.0,115.0,116.0,116.0,151.0,152.0,152.0,115.0,116.0,116.0,152.0,140.0,134.0,116.0,151.0,117.0,141.0,117.0,118.0,118.0,142.0,120.0,143.0,137.0,119.0,156.0,148.0,120.0,156.0,150.0,162.0,150.0,122.0,124.0,113.0,114.0,115.0,116.0,116.0,115.0,116.0,120.0,118.0,119.0,118.0,110.0,107.0,108.0,104.0,108.0,108.0,108.0,109.0,109.0,109.0,109.0,109.0,110.0,110.0,110.0,110.0,118.0,115.0,115.0,115.0,115.0,115.0,115.0,114.0,115.0,115.0,115.0,115.0,115.0,114.0,115.0,114.0,114.0,112.0,113.0,113.0,114.0,114.0,114.0,116.0
"Fresh Veg, Onions, per kg",20,22,5,3,25.0,19.0,25.0,25.0,19.0,25.0,19.0,25.0,25.0,19.0,19.0,25.0,25.0,25.0,25.0,19.0,25.0,19.0,19.0,19.0,19.0,24.0,20.0,20.0,24.0,20.0,20.0,20.0,24.0,23.0,24.0,24.0,20.0,25.0,25.0,25.0,25.0,20.0,25.0,20.0,19.0,25.0,18.0,25.0,25.0,20.0,25.0,20.0,25.0,20.0,25.0,25.0,20.0,23.0,23.0,22.0,23.0,19.0,23.0,19.0,19.0,23.0,23.0,23.0,19.0,18.0,23.0,23.0,23.0,23.0,23.0,23.0,23.0,23.0,19.0,19.0,19.0,23.0,21.0,19.0,24.0,24.0,24.0,20.0,20.0,20.0,20.0,20.0,20.0,20.0,20.0,20.0,20.0,24.0,20.0,20.0,24.0,23.0,24.0,19.0,21.0,20.0,20.0,20.0,24.0,20.0,24.0,19.0,19.0,20.0,19.0,22.0,24.0,24.0,20.0,20.0,20.0,25.0,25.0,25.0,16.0,24.0,20.0,24.0,20.0,20.0,20.0,24.0,20.0,24.0,24.0,20.0,24.0,23.0,20.0,24.0,24.0,24.0,24.0,19.0,19.0,19.0,19.0,18.0,17.0,18.0,18.0,18.0,18.0,18.0,18.0,18.0,18.0,18.0,18.0,18.0,18.0,18.0,17.0,18.0,17.0,18.0,18.0,18.0,18.0,18.0,18.0,19.0,19.0,19.0,19.0,19.0,18.0,19.0,18.0,18.0,18.0,18.0,17.0,17.0,16.0,18.0,18.0,18.0,18.0,18.0,17.0,17.0,17.0,18.0,18.0,17.0
"Fresh Veg, Tomatoes, per kg",41,28,-7,6,34.0,23.0,35.0,35.0,22.0,34.0,19.0,33.0,34.0,22.0,21.0,33.0,33.0,27.0,26.0,20.0,32.0,20.0,33.0,22.0,22.0,33.0,21.0,21.0,33.0,21.0,23.0,23.0,34.0,35.0,35.0,33.0,20.0,34.0,34.0,31.0,35.0,23.0,34.0,22.0,23.0,35.0,22.0,34.0,22.0,21.0,34.0,22.0,34.0,34.0,34.0,34.0,22.0,34.0,28.0,34.0,34.0,22.0,34.0,22.0,22.0,33.0,27.0,32.0,21.0,21.0,31.0,34.0,32.0,30.0,34.0,34.0,33.0,32.0,21.0,21.0,21.0,25.0,33.0,21.0,34.0,34.0,32.0,21.0,20.0,21.0,21.0,23.0,33.0,23.0,23.0,22.0,22.0,35.0,23.0,23.0,34.0,35.0,35.0,22.0,34.0,21.0,20.0,22.0,34.0,26.0,32.0,21.0,21.0,21.0,21.0,33.0,33.0,32.0,21.0,18.0,20.0,30.0,30.0,32.0,21.0,31.0,19.0,30.0,18.0,20.0,20.0,26.0,21.0,28.0,34.0,21.0,28.0,28.0,21.0,34.0,35.0,34.0,22.0,19.0,19.0,19.0,22.0,82.0,85.0,82.0,83.0,85.0,86.0,88.0,83.0,80.0,81.0,82.0,80.0,79.0,84.0,81.0,84.0,82.0,80.0,85.0,84.0,82.0,86.0,84.0,85.0,84.0,86.0,86.0,88.0,87.0,86.0,84.0,85.0,85.0,85.0,86.0,82.0,81.0,83.0,85.0,84.0,84.0,85.0,81.0,83.0,83.0,83.0,82.0,83.0,83.0
"Fresh/Chilled Orange Juice, eg. Tropicana",114,121,22,15,136.0,103.0,133.0,137.0,105.0,140.0,99.0,137.0,140.0,104.0,116.0,152.0,160.0,153.0,145.0,112.0,136.0,118.0,142.0,119.0,118.0,163.0,120.0,122.0,164.0,122.0,121.0,124.0,163.0,165.0,159.0,164.0,123.0,164.0,163.0,163.0,166.0,121.0,164.0,123.0,123.0,166.0,121.0,165.0,152.0,124.0,166.0,124.0,166.0,166.0,166.0,166.0,124.0,166.0,166.0,166.0,164.0,122.0,166.0,124.0,124.0,166.0,166.0,157.0,123.0,124.0,166.0,165.0,154.0,166.0,164.0,164.0,165.0,165.0,124.0,124.0,122.0,146.0,164.0,123.0,165.0,161.0,159.0,124.0,127.0,126.0,126.0,127.0,163.0,126.0,126.0,123.0,123.0,169.0,127.0,126.0,168.0,169.0,167.0,126.0,169.0,125.0,126.0,122.0,168.0,160.0,167.0,126.0,125.0,125.0,126.0,167.0,168.0,167.0,126.0,126.0,126.0,168.0,162.0,156.0,124.0,167.0,127.0,150.0,126.0,126.0,127.0,163.0,127.0,156.0,161.0,127.0,162.0,157.0,125.0,164.0,157.0,169.0,157.0,160.0,160.0,36.0,36.0,35.0,35.0,35.0,35.0,36.0,36.0,36.0,36.0,35.0,36.0,35.0,36.0,35.0,35.0,36.0,36.0,35.0,36.0,36.0,36.0,35.0,35.0,34.0,34.0,35.0,36.0,36.0,35.0,35.0,36.0,36.0,36.0,36.0,36.0,35.0,34.0,34.0,36.0,35.0,35.0,35.0,35.0,35.0,35.0,35.0,34.0,34.0,35.0,34.0
"Grapes, per kg",12,13,3,2,15.0,11.0,16.0,16.0,11.0,17.0,10.0,16.0,16.0,10.0,8.0,14.0,15.0,15.0,16.0,11.0,11.0,10.0,17.0,10.0,10.0,17.0,10.0,11.0,17.0,11.0,13.0,13.0,19.0,20.0,19.0,19.0,12.0,19.0,19.0,16.0,18.0,13.0,19.0,14.0,14.0,19.0,14.0,20.0,20.0,12.0,20.0,14.0,20.0,20.0,20.0,19.0,15.0,21.0,21.0,18.0,19.0,12.0,20.0,14.0,15.0,20.0,19.0,19.0,14.0,13.0,21.0,19.0,18.0,20.0,21.0,21.0,19.0,18.0,12.0,12.0,12.0,16.0,18.0,9.0,15.0,16.0,15.0,10.0,10.0,10.0,10.0,10.0,15.0,9.0,9.0,10.0,10.0,16.0,10.0,10.0,16.0,16.0,15.0,10.0,16.0,10.0,8.0,10.0,16.0,10.0,16.0,10.0,10.0,10.0,9.0,15.0,15.0,15.0,9.0,9.0,9.0,15.0,15.0,15.0,8.0,14.0,9.0,15.0,9.0,9.0,6.0,12.0,6.0,11.0,12.0,6.0,12.0,11.0,6.0,12.0,13.0,7.0,7.0,8.0,8.0,9.0,8.0,12.0,11.0,11.0,11.0,11.0,11.0,10.0,11.0,11.0,11.0,11.0,11.0,11.0,11.0,11.0,11.0,11.0,10.0,11.0,11.0,11.0,11.0,11.0,11.0,11.0,11.0,11.0,11.0,11.0,11.0,11.0,11.0,10.0,11.0,11.0,11.0,11.0,11.0,11.0,11.0,11.0,10.0,10.0,10.0,10.0,9.0,9.0,9.0,9.0
"Lager, 4 bottles, 4.3%-7.5% ABV",161,134,-12,15,149.0,115.0,145.0,151.0,114.0,151.0,115.0,151.0,150.0,114.0,115.0,145.0,150.0,150.0,20.0,114.0,134.0,114.0,143.0,110.0,114.0,150.0,114.0,114.0,150.0,114.0,115.0,115.0,150.0,151.0,151.0,149.0,115.0,149.0,150.0,151.0,149.0,99.0,150.0,115.0,115.0,146.0,115.0,142.0,145.0,109.0,143.0,117.0,153.0,153.0,153.0,163.0,123.0,164.0,164.0,166.0,166.0,123.0,166.0,124.0,123.0,165.0,165.0,166.0,124.0,123.0,165.0,166.0,149.0,166.0,160.0,166.0,165.0,166.0,124.0,124.0,123.0,153.0,165.0,119.0,165.0,165.0,164.0,123.0,123.0,122.0,122.0,124.0,166.0,123.0,122.0,122.0,122.0,164.0,121.0,120.0,162.0,155.0,156.0,118.0,156.0,119.0,119.0,119.0,154.0,154.0,151.0,117.0,119.0,118.0,120.0,162.0,162.0,151.0,117.0,120.0,121.0,156.0,156.0,158.0,121.0,162.0,119.0,156.0,120.0,120.0,121.0,161.0,119.0,143.0,142.0,120.0,142.0,154.0,119.0,155.0,131.0,163.0,151.0,120.0,117.0,237.0,232.0,230.0,230.0,220.0,210.0,230.0,238.0,237.0,238.0,228.0,225.0,217.0,228.0,220.0,237.0,236.0,238.0,238.0,237.0,237.0,236.0,234.0,234.0,232.0,232.0,232.0,228.0,229.0,228.0,229.0,222.0,223.0,221.0,220.0,221.0,222.0,221.0,221.0,223.0,224.0,224.0,224.0,226.0,224.0,227.0,227.0,229.0,228.0,230.0,231.0
Plain Biscuits (eg. Digestive),131,95,-27,9,104.0,81.0,105.0,111.0,81.0,104.0,81.0,105.0,111.0,81.0,81.0,111.0,111.0,99.0,98.0,80.0,96.0,81.0,99.0,82.0,81.0,111.0,80.0,81.0,108.0,78.0,79.0,79.0,101.0,94.0,103.0,103.0,79.0,103.0,102.0,102.0,104.0,79.0,102.0,78.0,77.0,101.0,77.0,102.0,90.0,79.0,104.0,80.0,104.0,104.0,104.0,104.0,80.0,104.0,104.0,104.0,104.0,80.0,104.0,80.0,80.0,104.0,104.0,103.0,80.0,80.0,103.0,103.0,102.0,101.0,104.0,104.0,100.0,100.0,76.0,76.0,76.0,88.0,98.0,75.0,100.0,100.0,100.0,76.0,76.0,75.0,76.0,76.0,100.0,75.0,75.0,76.0,76.0,101.0,78.0,77.0,102.0,94.0,102.0,77.0,102.0,79.0,79.0,80.0,102.0,104.0,104.0,80.0,80.0,80.0,80.0,104.0,104.0,103.0,79.0,79.0,80.0,104.0,98.0,102.0,79.0,98.0,80.0,98.0,80.0,80.0,79.0,98.0,79.0,92.0,104.0,78.0,92.0,103.0,79.0,104.0,92.0,103.0,97.0,207.0,204.0,229.0,229.0,243.0,240.0,240.0,234.0,236.0,240.0,238.0,237.0,241.0,240.0,237.0,238.0,234.0,238.0,239.0,240.0,240.0,240.0,240.0,239.0,239.0,240.0,238.0,240.0,240.0,242.0,242.0,241.0,242.0,243.0,242.0,241.0,243.0,243.0,242.0,236.0,236.0,237.0,238.0,237.0,236.0,236.0,237.0,233.0,233.0,232.0,242.0,244.0,243.0
"Potatoes, old, white",30,33,9,6,39.0,27.0,38.0,37.0,27.0,40.0,26.0,36.0,37.0,26.0,25.0,35.0,39.0,31.0,33.0,25.0,29.0,25.0,32.0,26.0,25.0,37.0,24.0,26.0,36.0,25.0,25.0,24.0,31.0,36.0,36.0,34.0,23.0,35.0,35.0,34.0,35.0,26.0,37.0,26.0,24.0,37.0,26.0,37.0,37.0,26.0,37.0,26.0,37.0,31.0,37.0,35.0,26.0,36.0,37.0,37.0,37.0,25.0,35.0,25.0,24.0,35.0,0.0,0.0,0.0,0.0,0.0,0.0,0.0,0.0,0.0,0.0,0.0,0.0,0.0,0.0,0.0,0.0,0.0,0.0,0.0,0.0,0.0,0.0,0.0,0.0,0.0,0.0,0.0,0.0,0.0,0.0,0.0,0.0,0.0,0.0,0.0,0.0,0.0,0.0,0.0,0.0,0.0,0.0,0.0,0.0,0.0,0.0,0.0,0.0,0.0,0.0,0.0,0.0,0.0,0.0,0.0,0.0,0.0,0.0,0.0,0.0,0.0,0.0,0.0,0.0,0.0,0.0,0.0,0.0,0.0,0.0,0.0,0.0,0.0,0.0,0.0,0.0,0.0,0.0,0.0,0.0,0.0,31.0,30.0,28.0,27.0,29.0,32.0,33.0,30.0,29.0,27.0,28.0,29.0,29.0,31.0,31.0,31.0,31.0,31.0,31.0,29.0,29.0,30.0,30.0,30.0,30.0,30.0,31.0,31.0,31.0,31.0,31.0,31.0,31.0,31.0,31.0,31.0,31.0,31.0,31.0,31.0,31.0,30.0,30.0,30.0,30.0,31.0,31.0,31.0,31.0
"RUM, WHITE, BOTTLE",41,46,11,6,52.0,39.0,51.0,51.0,38.0,51.0,40.0,52.0,49.0,37.0,39.0,45.0,51.0,44.0,50.0,37.0,47.0,39.0,38.0,37.0,37.0,49.0,37.0,37.0,49.0,37.0,37.0,36.0,49.0,49.0,49.0,48.0,37.0,0.0,48.0,48.0,49.0,36.0,49.0,35.0,35.0,45.0,35.0,47.0,40.0,34.0,46.0,34.0,46.0,46.0,46.0,48.0,36.0,48.0,48.0,47.0,48.0,35.0,47.0,35.0,35.0,47.0,47.0,45.0,33.0,32.0,48.0,48.0,47.0,48.0,47.0,47.0,48.0,49.0,38.0,38.0,38.0,50.0,50.0,39.0,51.0,50.0,51.0,39.0,38.0,37.0,39.0,39.0,51.0,39.0,39.0,39.0,39.0,49.0,39.0,39.0,51.0,49.0,43.0,37.0,49.0,36.0,37.0,37.0,49.0,48.0,48.0,36.0,35.0,36.0,36.0,48.0,48.0,48.0,36.0,36.0,37.0,49.0,49.0,49.0,36.0,43.0,35.0,49.0,37.0,37.0,37.0,49.0,36.0,48.0,49.0,37.0,43.0,41.0,36.0,47.0,48.0,49.0,49.0,35.0,35.0,36.0,34.0,38.0,38.0,39.0,39.0,40.0,40.0,40.0,40.0,40.0,40.0,39.0,38.0,38.0,39.0,39.0,39.0,39.0,39.0,39.0,39.0,39.0,38.0,38.0,38.0,38.0,38.0,38.0,38.0,38.0,37.0,38.0,38.0,38.0,38.0,38.0,34.0,34.0,37.0,38.0,37.0,37.0,36.0,36.0,37.0,37.0,38.0,38.0,38.0,37.0
"Red Wine, European, bottle",250,250,34,34,284.0,218.0,254.0,290.0,213.0,278.0,217.0,290.0,284.0,218.0,230.0,302.0,299.0,271.0,287.0,231.0,276.0,233.0,269.0,234.0,232.0,303.0,233.0,232.0,298.0,226.0,234.0,233.0,305.0,291.0,303.0,297.0,227.0,297.0,298.0,293.0,296.0,100.0,286.0,220.0,218.0,268.0,212.0,259.0,247.0,200.0,267.0,203.0,263.0,257.0,263.0,260.0,201.0,271.0,272.0,272.0,270.0,202.0,268.0,206.0,205.0,271.0,259.0,265.0,206.0,206.0,268.0,274.0,269.0,267.0,274.0,274.0,274.0,277.0,211.0,211.0,211.0,238.0,275.0,211.0,277.0,277.0,277.0,212.0,211.0,211.0,212.0,211.0,277.0,209.0,210.0,207.0,207.0,272.0,209.0,209.0,274.0,266.0,273.0,209.0,272.0,208.0,208.0,207.0,273.0,271.0,272.0,206.0,202.0,204.0,206.0,271.0,272.0,271.0,204.0,205.0,205.0,271.0,259.0,235.0,181.0,270.0,205.0,241.0,183.0,185.0,185.0,238.0,186.0,215.0,229.0,191.0,229.0,250.0,206.0,270.0,250.0,278.0,272.0,222.0,220.0,298.0,297.0,310.0,310.0,309.0,301.0,308.0,337.0,339.0,337.0,301.0,298.0,249.0,253.0,253.0,253.0,255.0,254.0,253.0,253.0,250.0,250.0,249.0,255.0,255.0,254.0,259.0,261.0,262.0,260.0,260.0,257.0,259.0,257.0,258.0,257.0,256.0,256.0,256.0,256.0,257.0,257.0,261.0,262.0,263.0,263.0,263.0,264.0,264.0,263.0,260.0
"Shop Milk, whole milk",229,235,42,36,271.0,200.0,254.0,260.0,203.0,262.0,197.0,270.0,248.0,194.0,203.0,269.0,269.0,244.0,262.0,199.0,233.0,203.0,239.0,205.0,206.0,272.0,206.0,206.0,269.0,203.0,208.0,206.0,270.0,266.0,272.0,265.0,204.0,269.0,266.0,257.0,267.0,204.0,267.0,204.0,204.0,262.0,203.0,262.0,234.0,202.0,270.0,204.0,270.0,252.0,270.0,266.0,203.0,266.0,269.0,269.0,267.0,201.0,271.0,203.0,201.0,267.0,260.0,265.0,204.0,205.0,262.0,263.0,263.0,268.0,268.0,268.0,268.0,271.0,202.0,202.0,200.0,249.0,252.0,193.0,256.0,250.0,243.0,189.0,188.0,194.0,193.0,192.0,254.0,193.0,192.0,191.0,191.0,255.0,196.0,196.0,251.0,257.0,255.0,197.0,257.0,197.0,198.0,195.0,258.0,248.0,257.0,198.0,199.0,197.0,196.0,257.0,255.0,256.0,198.0,199.0,199.0,259.0,253.0,238.0,195.0,254.0,196.0,244.0,196.0,195.0,194.0,236.0,197.0,242.0,242.0,192.0,230.0,250.0,190.0,251.0,246.0,251.0,233.0,190.0,188.0,214.0,215.0,220.0,218.0,217.0,213.0,223.0,221.0,222.0,221.0,214.0,216.0,216.0,219.0,213.0,227.0,229.0,229.0,230.0,229.0,231.0,232.0,231.0,229.0,228.0,230.0,229.0,231.0,231.0,229.0,232.0,229.0,226.0,225.0,223.0,224.0,224.0,222.0,222.0,224.0,222.0,223.0,223.0,223.0,223.0,227.0,227.0,227.0,225.0,226.0,225.0
"Spreadable butter, 500g, 40-70% butter content",108,107,14,15,122.0,91.0,121.0,121.0,89.0,122.0,87.0,119.0,111.0,87.0,68.0,98.0,100.0,91.0,83.0,68.0,102.0,91.0,115.0,90.0,92.0,121.0,89.0,89.0,121.0,91.0,91.0,93.0,123.0,122.0,124.0,124.0,94.0,123.0,123.0,122.0,121.0,79.0,123.0,93.0,94.0,123.0,91.0,121.0,105.0,93.0,121.0,91.0,121.0,109.0,121.0,121.0,92.0,125.0,123.0,123.0,123.0,91.0,121.0,92.0,92.0,122.0,122.0,123.0,92.0,93.0,123.0,122.0,123.0,124.0,124.0,124.0,119.0,123.0,94.0,94.0,94.0,104.0,124.0,94.0,122.0,118.0,120.0,92.0,94.0,93.0,94.0,94.0,122.0,93.0,93.0,92.0,92.0,123.0,93.0,93.0,122.0,109.0,122.0,90.0,123.0,93.0,93.0,94.0,124.0,123.0,124.0,94.0,94.0,90.0,89.0,121.0,121.0,122.0,93.0,93.0,91.0,124.0,118.0,116.0,94.0,117.0,93.0,116.0,92.0,93.0,94.0,112.0,93.0,112.0,117.0,94.0,111.0,124.0,94.0,123.0,110.0,123.0,111.0,86.0,88.0,101.0,102.0,116.0,118.0,118.0,117.0,118.0,119.0,118.0,118.0,116.0,119.0,117.0,117.0,118.0,117.0,117.0,117.0,117.0,117.0,117.0,117.0,117.0,118.0,118.0,118.0,118.0,117.0,117.0,116.0,116.0,116.0,116.0,116.0,116.0,116.0,116.0,116.0,116.0,116.0,114.0,114.0,114.0,114.0,114.0,114.0,114.0,114.0,114.0,112.0,112.0
"Strawberries, per kg or per punnet",19,11,-5,3,14.0,8.0,14.0,13.0,8.0,14.0,7.0,13.0,12.0,6.0,6.0,12.0,12.0,9.0,16.0,9.0,7.0,7.0,6.0,6.0,5.0,12.0,8.0,9.0,14.0,8.0,9.0,11.0,17.0,20.0,17.0,16.0,13.0,18.0,17.0,20.0,19.0,12.0,22.0,16.0,15.0,18.0,16.0,14.0,14.0,13.0,21.0,16.0,19.0,19.0,19.0,24.0,15.0,21.0,23.0,19.0,22.0,18.0,34.0,20.0,18.0,19.0,19.0,27.0,14.0,18.0,35.0,34.0,28.0,32.0,32.0,32.0,30.0,33.0,25.0,25.0,25.0,26.0,39.0,26.0,36.0,39.0,40.0,23.0,25.0,18.0,20.0,22.0,27.0,18.0,18.0,22.0,22.0,31.0,17.0,19.0,31.0,30.0,28.0,17.0,28.0,19.0,21.0,19.0,31.0,32.0,29.0,24.0,23.0,23.0,23.0,33.0,32.0,34.0,17.0,21.0,23.0,33.0,31.0,33.0,18.0,24.0,19.0,23.0,19.0,18.0,15.0,22.0,15.0,14.0,21.0,16.0,15.0,10.0,10.0,17.0,16.0,21.0,15.0,7.0,8.0,12.0,10.0,17.0,18.0,21.0,21.0,20.0,24.0,24.0,23.0,22.0,23.0,23.0,23.0,22.0,22.0,23.0,23.0,19.0,21.0,25.0,20.0,23.0,23.0,21.0,19.0,21.0,25.0,23.0,24.0,22.0,23.0,21.0,22.0,23.0,20.0,22.0,23.0,22.0,17.0,22.0,23.0,23.0,19.0,19.0,17.0,17.0,16.0,16.0,16.0,17.0
"Tea bags, per packet of 80, 250g",86,90,16,12,102.0,76.0,100.0,100.0,77.0,102.0,77.0,95.0,103.0,79.0,79.0,103.0,104.0,91.0,80.0,67.0,96.0,80.0,98.0,77.0,79.0,103.0,79.0,79.0,102.0,78.0,80.0,78.0,100.0,103.0,104.0,103.0,80.0,104.0,104.0,103.0,102.0,80.0,104.0,79.0,79.0,99.0,78.0,103.0,101.0,79.0,103.0,79.0,104.0,104.0,104.0,101.0,79.0,104.0,102.0,94.0,102.0,77.0,100.0,75.0,80.0,104.0,104.0,104.0,81.0,81.0,111.0,104.0,108.0,111.0,105.0,111.0,111.0,111.0,81.0,81.0,81.0,92.0,111.0,79.0,112.0,105.0,111.0,82.0,82.0,82.0,82.0,81.0,111.0,81.0,81.0,81.0,81.0,112.0,82.0,82.0,112.0,112.0,111.0,82.0,112.0,82.0,82.0,82.0,112.0,110.0,106.0,81.0,81.0,81.0,82.0,112.0,111.0,112.0,82.0,82.0,82.0,111.0,105.0,98.0,82.0,106.0,82.0,92.0,78.0,79.0,78.0,110.0,80.0,98.0,99.0,81.0,99.0,98.0,80.0,111.0,99.0,111.0,99.0,83.0,83.0,67.0,67.0,69.0,68.0,69.0,67.0,70.0,69.0,70.0,69.0,67.0,68.0,68.0,70.0,68.0,70.0,70.0,69.0,69.0,69.0,69.0,69.0,69.0,69.0,69.0,69.0,69.0,69.0,69.0,69.0,69.0,69.0,69.0,69.0,69.0,69.0,69.0,68.0,68.0,68.0,68.0,68.0,68.0,68.0,67.0,68.0,68.0,68.0,68.0,68.0,67.0
"Vodka, bottle",43,40,5,8,48.0,35.0,35.0,47.0,35.0,48.0,35.0,48.0,46.0,34.0,36.0,48.0,48.0,48.0,42.0,36.0,38.0,35.0,35.0,35.0,36.0,48.0,36.0,36.0,47.0,35.0,35.0,34.0,47.0,47.0,47.0,47.0,35.0,0.0,48.0,48.0,48.0,36.0,47.0,36.0,35.0,44.0,36.0,47.0,46.0,35.0,46.0,34.0,46.0,46.0,46.0,47.0,35.0,47.0,47.0,40.0,46.0,30.0,44.0,34.0,35.0,46.0,46.0,46.0,35.0,36.0,48.0,47.0,46.0,49.0,48.0,48.0,48.0,48.0,37.0,37.0,36.0,46.0,48.0,36.0,48.0,48.0,47.0,35.0,33.0,33.0,32.0,35.0,40.0,35.0,35.0,35.0,35.0,44.0,34.0,35.0,46.0,34.0,47.0,35.0,44.0,36.0,36.0,36.0,48.0,47.0,47.0,35.0,35.0,35.0,34.0,47.0,46.0,46.0,33.0,35.0,35.0,48.0,42.0,47.0,35.0,42.0,33.0,46.0,34.0,34.0,34.0,46.0,36.0,47.0,48.0,36.0,48.0,46.0,36.0,48.0,42.0,41.0,47.0,35.0,35.0,46.0,46.0,52.0,52.0,51.0,52.0,53.0,53.0,52.0,53.0,50.0,52.0,51.0,51.0,50.0,53.0,53.0,50.0,52.0,53.0,53.0,53.0,53.0,53.0,52.0,53.0,51.0,53.0,53.0,52.0,52.0,52.0,52.0,51.0,51.0,50.0,52.0,50.0,50.0,51.0,51.0,53.0,52.0,52.0,50.0,50.0,50.0,49.0,51.0,51.0,51.0
"Whisky, bottle",128,135,24,17,152.0,114.0,150.0,150.0,115.0,151.0,116.0,152.0,166.0,124.0,118.0,154.0,152.0,143.0,130.0,119.0,150.0,120.0,138.0,119.0,120.0,156.0,120.0,120.0,156.0,120.0,120.0,120.0,155.0,156.0,155.0,155.0,119.0,0.0,155.0,156.0,153.0,100.0,148.0,112.0,112.0,142.0,108.0,140.0,127.0,110.0,145.0,113.0,149.0,150.0,151.0,152.0,117.0,154.0,154.0,153.0,155.0,116.0,153.0,116.0,117.0,153.0,153.0,152.0,117.0,114.0,147.0,152.0,150.0,151.0,146.0,146.0,144.0,148.0,113.0,113.0,114.0,136.0,155.0,118.0,155.0,155.0,155.0,119.0,119.0,118.0,117.0,117.0,152.0,118.0,117.0,114.0,114.0,149.0,119.0,118.0,154.0,151.0,151.0,117.0,151.0,117.0,118.0,117.0,152.0,143.0,150.0,113.0,111.0,118.0,117.0,154.0,151.0,153.0,116.0,118.0,118.0,154.0,154.0,142.0,117.0,147.0,118.0,146.0,118.0,119.0,119.0,136.0,115.0,140.0,142.0,118.0,142.0,148.0,118.0,145.0,147.0,154.0,142.0,115.0,115.0,133.0,132.0,115.0,113.0,112.0,113.0,113.0,114.0,115.0,115.0,113.0,113.0,111.0,112.0,109.0,111.0,112.0,109.0,111.0,111.0,111.0,113.0,110.0,111.0,111.0,113.0,113.0,114.0,113.0,113.0,114.0,113.0,114.0,112.0,111.0,111.0,110.0,108.0,108.0,107.0,107.0,108.0,108.0,110.0,109.0,109.0,109.0,113.0,113.0,112.0,112.0
"White Sliced Loaf, branded",46,57,20,9,66.0,47.0,65.0,65.0,46.0,64.0,46.0,63.0,65.0,47.0,47.0,65.0,65.0,58.0,54.0,47.0,52.0,46.0,56.0,46.0,47.0,65.0,46.0,46.0,64.0,46.0,48.0,48.0,64.0,64.0,66.0,63.0,46.0,64.0,65.0,65.0,66.0,48.0,65.0,48.0,46.0,63.0,48.0,66.0,59.0,47.0,66.0,48.0,66.0,66.0,66.0,66.0,48.0,65.0,64.0,66.0,66.0,46.0,64.0,47.0,45.0,63.0,51.0,65.0,47.0,46.0,64.0,65.0,66.0,66.0,66.0,66.0,65.0,64.0,47.0,47.0,47.0,0.0,0.0,0.0,0.0,0.0,0.0,0.0,0.0,0.0,0.0,0.0,0.0,0.0,0.0,0.0,0.0,0.0,0.0,48.0,66.0,64.0,65.0,48.0,66.0,47.0,48.0,48.0,65.0,66.0,62.0,44.0,45.0,46.0,45.0,63.0,63.0,64.0,44.0,45.0,45.0,63.0,57.0,63.0,45.0,63.0,45.0,63.0,46.0,44.0,46.0,64.0,45.0,64.0,58.0,45.0,57.0,64.0,44.0,64.0,64.0,62.0,50.0,16.0,15.0,25.0,25.0,23.0,25.0,23.0,25.0,24.0,23.0,25.0,24.0,25.0,25.0,25.0,25.0,24.0,25.0,25.0,25.0,26.0,26.0,26.0,27.0,26.0,27.0,27.0,26.0,25.0,25.0,27.0,26.0,26.0,25.0,26.0,27.0,26.0,27.0,27.0,26.0,26.0,27.0,27.0,25.0,27.0,26.0,25.0,25.0,25.0,25.0,23.0,25.0,25.0
"White Wine, European, bottle",223,214,23,32,246.0,185.0,221.0,239.0,185.0,242.0,185.0,249.0,245.0,185.0,193.0,253.0,251.0,229.0,253.0,188.0,219.0,193.0,241.0,191.0,192.0,254.0,193.0,193.0,252.0,192.0,193.0,194.0,251.0,244.0,250.0,252.0,192.0,233.0,250.0,251.0,247.0,188.0,247.0,184.0,185.0,234.0,183.0,227.0,202.0,173.0,227.0,173.0,227.0,227.0,227.0,231.0,179.0,239.0,232.0,232.0,232.0,171.0,223.0,179.0,180.0,234.0,234.0,239.0,180.0,181.0,240.0,241.0,228.0,244.0,244.0,245.0,245.0,243.0,186.0,186.0,185.0,219.0,243.0,182.0,242.0,241.0,242.0,180.0,181.0,181.0,182.0,180.0,242.0,183.0,185.0,185.0,185.0,234.0,183.0,181.0,236.0,242.0,245.0,184.0,246.0,185.0,185.0,185.0,244.0,245.0,245.0,183.0,183.0,183.0,184.0,244.0,243.0,241.0,180.0,183.0,185.0,244.0,220.0,215.0,162.0,241.0,187.0,236.0,167.0,166.0,166.0,213.0,161.0,207.0,194.0,173.0,221.0,221.0,177.0,241.0,242.0,249.0,231.0,195.0,195.0,270.0,265.0,270.0,267.0,269.0,262.0,264.0,300.0,302.0,301.0,266.0,265.0,247.0,230.0,228.0,235.0,236.0,231.0,233.0,233.0,232.0,232.0,231.0,241.0,240.0,242.0,245.0,249.0,245.0,247.0,243.0,244.0,244.0,246.0,246.0,249.0,248.0,242.0,242.0,246.0,249.0,251.0,253.0,251.0,252.0,253.0,253.0,253.0,257.0,254.0,254.0
"Wholemeal Sliced Loaf, branded",34,43,15,6,49.0,37.0,49.0,49.0,38.0,48.0,36.0,48.0,49.0,37.0,37.0,49.0,49.0,49.0,50.0,37.0,48.0,35.0,42.0,36.0,37.0,50.0,37.0,37.0,49.0,37.0,37.0,38.0,49.0,50.0,49.0,49.0,37.0,47.0,50.0,50.0,49.0,38.0,50.0,37.0,37.0,49.0,38.0,49.0,42.0,36.0,49.0,37.0,49.0,49.0,49.0,48.0,38.0,50.0,50.0,49.0,49.0,37.0,48.0,37.0,37.0,47.0,47.0,49.0,38.0,38.0,49.0,50.0,49.0,49.0,49.0,49.0,50.0,49.0,38.0,38.0,38.0,0.0,0.0,0.0,0.0,0.0,0.0,0.0,0.0,0.0,0.0,0.0,0.0,0.0,0.0,0.0,0.0,0.0,0.0,37.0,50.0,50.0,50.0,38.0,49.0,38.0,37.0,37.0,48.0,43.0,45.0,33.0,33.0,34.0,33.0,46.0,45.0,46.0,34.0,35.0,35.0,47.0,41.0,47.0,35.0,47.0,34.0,47.0,34.0,35.0,35.0,46.0,35.0,46.0,40.0,34.0,41.0,47.0,35.0,47.0,0.0,0.0,0.0,12.0,12.0,17.0,8.0,17.0,17.0,17.0,17.0,18.0,17.0,18.0,17.0,18.0,17.0,16.0,18.0,17.0,18.0,18.0,17.0,18.0,16.0,17.0,17.0,17.0,17.0,18.0,17.0,17.0,17.0,17.0,18.0,18.0,18.0,17.0,16.0,17.0,18.0,18.0,18.0,18.0,18.0,18.0,18.0,18.0,18.0,18.0,17.0,17.0,16.0,18.0,18.0,16.0
"Yoghurt, small individual",452,494,113,71,565.0,420.0,525.0,564.0,416.0,555.0,418.0,562.0,539.0,395.0,396.0,546.0,545.0,495.0,458.0,394.0,508.0,399.0,463.0,396.0,397.0,551.0,401.0,399.0,561.0,405.0,409.0,408.0,534.0,551.0,542.0,547.0,396.0,552.0,548.0,540.0,554.0,402.0,548.0,406.0,407.0,552.0,402.0,559.0,505.0,414.0,559.0,403.0,559.0,553.0,559.0,556.0,411.0,568.0,568.0,567.0,575.0,416.0,570.0,414.0,409.0,566.0,544.0,568.0,410.0,413.0,569.0,562.0,556.0,552.0,565.0,571.0,563.0,572.0,410.0,410.0,406.0,544.0,564.0,416.0,565.0,565.0,550.0,409.0,406.0,413.0,420.0,415.0,577.0,421.0,416.0,410.0,410.0,573.0,416.0,413.0,572.0,568.0,569.0,415.0,574.0,414.0,418.0,419.0,572.0,573.0,575.0,418.0,409.0,419.0,411.0,567.0,561.0,572.0,419.0,420.0,413.0,571.0,565.0,542.0,409.0,544.0,406.0,527.0,411.0,412.0,415.0,518.0,409.0,534.0,543.0,412.0,526.0,555.0,417.0,545.0,503.0,553.0,511.0,0.0,0.0,344.0,322.0,375.0,378.0,378.0,381.0,378.0,385.0,371.0,372.0,343.0,346.0,348.0,349.0,349.0,362.0,374.0,377.0,377.0,378.0,378.0,377.0,378.0,377.0,377.0,376.0,373.0,374.0,374.0,373.0,372.0,371.0,367.0,367.0,362.0,360.0,363.0,340.0,293.0,292.0,290.0,291.0,293.0,292.0,293.0,333.0,333.0,335.0,340.0,340.0,339.0
Fizzy bottled drink,102,100,9,11,111.0,84.0,114.0,114.0,83.0,114.0,83.0,115.0,114.0,84.0,85.0,115.0,109.0,109.0,103.0,83.0,98.0,85.0,114.0,83.0,82.0,114.0,84.0,84.0,114.0,84.0,85.0,84.0,112.0,112.0,111.0,111.0,83.0,111.0,105.0,109.0,110.0,81.0,113.0,82.0,83.0,106.0,82.0,114.0,87.0,84.0,113.0,83.0,113.0,113.0,113.0,113.0,84.0,115.0,113.0,113.0,113.0,83.0,114.0,81.0,83.0,112.0,112.0,116.0,83.0,86.0,116.0,115.0,111.0,114.0,115.0,115.0,114.0,115.0,85.0,85.0,83.0,100.0,110.0,83.0,114.0,108.0,113.0,83.0,83.0,84.0,84.0,84.0,114.0,85.0,86.0,85.0,85.0,112.0,84.0,84.0,113.0,113.0,113.0,83.0,114.0,85.0,84.0,85.0,114.0,116.0,116.0,84.0,84.0,86.0,86.0,116.0,112.0,114.0,81.0,83.0,84.0,114.0,114.0,107.0,82.0,112.0,84.0,114.0,86.0,85.0,85.0,108.0,82.0,115.0,110.0,86.0,116.0,114.0,86.0,116.0,116.0,116.0,104.0,86.0,82.0,111.0,110.0,109.0,102.0,101.0,100.0,104.0,108.0,109.0,108.0,101.0,105.0,108.0,109.0,108.0,114.0,114.0,116.0,116.0,117.0,118.0,115.0,115.0,116.0,116.0,116.0,116.0,116.0,114.0,114.0,114.0,114.0,114.0,114.0,114.0,113.0,113.0,112.0,112.0,112.0,112.0,112.0,112.0,112.0,112.0,112.0,112.0,112.0,112.0,112.0,112.0
"Fruit Juice, not orange, eg. apple",30,0,-30,0,0.0,0.0,0.0,0.0,0.0,0.0,0.0,0.0,0.0,0.0,0.0,0.0,0.0,0.0,0.0,0.0,0.0,0.0,0.0,0.0,0.0,0.0,0.0,0.0,0.0,0.0,0.0,0.0,0.0,0.0,0.0,0.0,0.0,0.0,0.0,0.0,0.0,0.0,0.0,0.0,0.0,0.0,0.0,0.0,0.0,0.0,0.0,0.0,0.0,0.0,0.0,0.0,0.0,0.0,0.0,0.0,0.0,0.0,0.0,0.0,0.0,0.0,0.0,0.0,0.0,0.0,0.0,0.0,0.0,0.0,0.0,0.0,0.0,0.0,0.0,0.0,0.0,0.0,0.0,0.0,0.0,0.0,0.0,0.0,0.0,0.0,0.0,0.0,0.0,0.0,0.0,0.0,0.0,0.0,0.0,0.0,0.0,0.0,0.0,0.0,0.0,0.0,0.0,0.0,0.0,0.0,0.0,0.0,0.0,0.0,0.0,0.0,0.0,0.0,0.0,0.0,0.0,0.0,0.0,0.0,0.0,0.0,0.0,0.0,0.0,0.0,0.0,0.0,0.0,0.0,0.0,0.0,0.0,0.0,0.0,0.0,0.0,0.0,0.0,0.0,0.0,30.0,30.0,31.0,30.0,31.0,31.0,31.0,31.0,31.0,31.0,31.0,31.0,31.0,31.0,29.0,31.0,31.0,31.0,31.0,31.0,31.0,31.0,31.0,31.0,31.0,31.0,31.0,30.0,30.0,30.0,30.0,30.0,30.0,30.0,30.0,30.0,29.0,29.0,29.0,29.0,29.0,29.0,29.0,29.0,29.0,29.0,29.0,29.0,29.0,29.0,29.0
"Potatoes, old, white     ",29,0,-29,0,0.0,0.0,0.0,0.0,0.0,0.0,0.0,0.0,0.0,0.0,0.0,0.0,0.0,0.0,0.0,0.0,0.0,0.0,0.0,0.0,0.0,0.0,0.0,0.0,0.0,0.0,0.0,0.0,0.0,0.0,0.0,0.0,0.0,0.0,0.0,0.0,0.0,0.0,0.0,0.0,0.0,0.0,0.0,0.0,0.0,0.0,0.0,0.0,0.0,0.0,0.0,0.0,0.0,0.0,0.0,0.0,0.0,0.0,0.0,0.0,0.0,0.0,35.0,33.0,25.0,24.0,35.0,36.0,35.0,34.0,37.0,37.0,32.0,36.0,26.0,26.0,26.0,33.0,37.0,24.0,36.0,36.0,36.0,24.0,25.0,24.0,25.0,25.0,35.0,25.0,25.0,25.0,25.0,36.0,26.0,24.0,37.0,37.0,36.0,23.0,36.0,26.0,26.0,26.0,38.0,29.0,34.0,23.0,22.0,24.0,22.0,35.0,35.0,35.0,22.0,23.0,25.0,33.0,33.0,33.0,23.0,33.0,25.0,30.0,25.0,25.0,23.0,35.0,22.0,35.0,35.0,21.0,35.0,35.0,23.0,35.0,27.0,34.0,34.0,30.0,30.0,33.0,34.0,0.0,0.0,0.0,0.0,0.0,0.0,0.0,0.0,0.0,0.0,0.0,0.0,0.0,0.0,0.0,0.0,0.0,0.0,0.0,0.0,0.0,0.0,0.0,0.0,0.0,0.0,0.0,0.0,0.0,0.0,0.0,0.0,0.0,0.0,0.0,0.0,0.0,0.0,0.0,0.0,0.0,0.0,0.0,0.0,0.0,0.0,0.0,0.0,0.0
Yoghurt/Fromage Frais ,172,183,41,30,213.0,155.0,196.0,202.0,156.0,208.0,151.0,198.0,193.0,145.0,140.0,188.0,192.0,187.0,169.0,145.0,134.0,143.0,175.0,144.0,147.0,192.0,148.0,147.0,196.0,148.0,148.0,147.0,196.0,194.0,192.0,194.0,145.0,192.0,193.0,190.0,192.0,147.0,192.0,147.0,146.0,189.0,145.0,197.0,180.0,147.0,199.0,151.0,199.0,199.0,199.0,200.0,148.0,194.0,197.0,199.0,200.0,150.0,195.0,148.0,148.0,198.0,189.0,198.0,150.0,149.0,195.0,194.0,195.0,194.0,199.0,199.0,198.0,200.0,150.0,150.0,150.0,187.0,195.0,149.0,194.0,186.0,190.0,144.0,145.0,145.0,148.0,148.0,196.0,149.0,147.0,145.0,145.0,194.0,145.0,147.0,190.0,177.0,190.0,142.0,194.0,147.0,149.0,149.0,195.0,202.0,202.0,148.0,138.0,141.0,136.0,187.0,184.0,185.0,141.0,140.0,141.0,184.0,178.0,183.0,137.0,183.0,141.0,171.0,152.0,153.0,155.0,211.0,152.0,204.0,206.0,150.0,202.0,206.0,155.0,194.0,186.0,196.0,208.0,0.0,0.0,0.0,0.0,0.0,0.0,0.0,0.0,0.0,0.0,0.0,0.0,0.0,0.0,0.0,0.0,0.0,0.0,0.0,0.0,0.0,0.0,0.0,0.0,0.0,0.0,0.0,0.0,0.0,0.0,0.0,0.0,0.0,0.0,0.0,0.0,0.0,0.0,0.0,0.0,0.0,0.0,0.0,0.0,0.0,0.0,0.0,0.0,0.0,0.0,0.0,0.0,0.0
